{
  "accuracy": 0.8765676567656766,
  "macro_f1": 0.8593802522314783,
  "per_class": {
    "Normal": {
      "precision": 0.9321685508735869,
      "recall": 0.8900883218842002,
      "f1": 0.9106425702811245,
      "support": 1019
    },
    "Pneumonia": {
      "precision": 0.8445945945945946,
      "recall": 0.9259259259259259,
      "f1": 0.8833922261484098,
      "support": 135
    },
    "COVID-19": {
      "precision": 0.751269035532995,
      "recall": 0.8199445983379502,
      "f1": 0.7841059602649006,
      "support": 361
    }
  },
  "confusion_matrix": [
    [
      907,
      17,
      95
    ],
    [
      7,
      125,
      3
    ],
    [
      59,
      6,
      296
    ]
  ],
  "comparison_argmax": {
    "accuracy": 0.8719471947194719,
    "macro_f1": 0.8455698268009101,
    "per_class": {
      "Normal": {
        "precision": 0.8973384030418251,
        "recall": 0.9263984298331698,
        "f1": 0.9116368903911154,
        "support": 1019
      },
      "Pneumonia": {
        "precision": 0.8289473684210527,
        "recall": 0.9333333333333333,
        "f1": 0.8780487804878049,
        "support": 135
      },
      "COVID-19": {
        "precision": 0.8070739549839229,
        "recall": 0.6952908587257618,
        "f1": 0.7470238095238095,
        "support": 361
      }
    },
    "confusion_matrix": [
      [
        944,
        17,
        58
      ],
      [
        7,
        126,
        2
      ],
      [
        101,
        9,
        251
      ]
    ]
  },
  "model_version": "v1.0-20260516-192647",
  "classes": [
    "Normal",
    "Pneumonia",
    "COVID-19"
  ],
  "decision_rule": "covid_threshold_0.35",
  "covid_threshold": 0.35,
  "hyperparameters": {
    "seed": 42,
    "batch_size": 32,
    "epochs_max": 35,
    "epochs_run": 35,
    "learning_rate": 0.0001,
    "class_weight_mode": "sqrt",
    "class_weight": {
      "0": 0.5523157163848575,
      "1": 1.5204306621585983,
      "2": 0.9272536214565438
    },
    "dropout_conv": 0.3,
    "dropout_dense": 0.3,
    "early_stop_patience": 5,
    "early_stop_min_delta": 0.001,
    "split": "stratified-80-10-10",
    "input_shape": [
      224,
      224,
      1
    ],
    "architecture": "Conv2D(32)+Pool+Conv2D(64)+Pool+Conv2D(128)+Pool+Conv2D(128)+Pool+Dropout(0.3)+Flatten+Dense(64)+Dropout(0.3)+Dense(3,softmax)"
  }
}